description,img_src,item_link,item_type
"The pants depicted are a pair of light-colored, likely beige or off-white trousers with a straight-leg fit. They appear to be made of a smooth, possibly cotton blend material, suitable for a smart-casual look or professional setting, and feature a button closure with belt loops at the waist.",https://n.nordstrommedia.com/id/sr3/4cb96512-ca85-4ac7-958a-f919ce266663.jpeg?h=365&w=240&dpr=2,https://www.nordstromrack.com/s/nike-flex-essential-pants/6161014?origin=category-personalizedsort&breadcrumb=Home%2FMen%2FClothing%2FPants&color=072,pants
"The pants pictured here are a light cream or off-white color with a smooth and possibly lightweight fabric, which could be a blend suitable for business or casual wear. They feature a straight-leg cut, and there are no visible patterns or embellishments, giving them a clean and classic look.",https://n.nordstrommedia.com/id/sr3/4cb96512-ca85-4ac7-958a-f919ce266663.jpeg?h=365&w=240&dpr=2,https://www.nordstromrack.com/s/nike-flex-essential-pants/6161014?origin=category-personalizedsort&breadcrumb=Home%2FMen%2FClothing%2FPants&color=072,pants
"The pants depicted are of a light beige or off-white color, designed with a sleek, straight-leg cut. They appear to be made from a smooth fabric, likely a blend that includes cotton or synthetic fibers, and they feature a clean design with no visible patterns or embellishments.",https://n.nordstrommedia.com/id/sr3/4cb96512-ca85-4ac7-958a-f919ce266663.jpeg?h=365&w=240&dpr=2,https://www.nordstromrack.com/s/nike-flex-essential-pants/6161014?origin=category-personalizedsort&breadcrumb=Home%2FMen%2FClothing%2FPants&color=072,pants
"The pants shown are white in color, giving them a clean and sharp appearance suitable for a variety of outfits. They are made of a smooth, seemingly lightweight fabric and feature a straight leg cut with a fit that appears neither too tight nor too loose, offering a versatile style option.",https://n.nordstrommedia.com/id/sr3/4cb96512-ca85-4ac7-958a-f919ce266663.jpeg?h=365&w=240&dpr=2,https://www.nordstromrack.com/s/nike-flex-essential-pants/6161014?origin=category-personalizedsort&breadcrumb=Home%2FMen%2FClothing%2FPants&color=072,pants
"The pants shown in the image are a light beige or off-white in color, giving them a versatile appearance that can be paired with a variety of tops. They appear to be made from a smooth, possibly cotton blend material, and feature a classic straight-leg design with a neat, buttoned waistband, suitable for casual or slightly dressier occasions.",https://n.nordstrommedia.com/id/sr3/4cb96512-ca85-4ac7-958a-f919ce266663.jpeg?h=365&w=240&dpr=2,https://www.nordstromrack.com/s/nike-flex-essential-pants/6161014?origin=category-personalizedsort&breadcrumb=Home%2FMen%2FClothing%2FPants&color=072,pants
"The item depicted is a pair of light-colored, possibly white or off-white pants with a straight-leg cut. They appear to be constructed from a smooth, possibly cotton blend or synthetic material, featuring a button closure and a flat front design, offering a clean and classic look.",https://n.nordstrommedia.com/id/sr3/4cb96512-ca85-4ac7-958a-f919ce266663.jpeg?h=365&w=240&dpr=2,https://www.nordstromrack.com/s/nike-flex-essential-pants/6161014?origin=category-personalizedsort&breadcrumb=Home%2FMen%2FClothing%2FPants&color=072,pants
"The pants shown are a pair of men's dress trousers in a light cream or off-white color. They have a clean, straight-leg cut and appear to be made from a smooth, likely cotton-blend fabric, suitable for a smart casual or semi-formal look.",https://n.nordstrommedia.com/id/sr3/4cb96512-ca85-4ac7-958a-f919ce266663.jpeg?h=365&w=240&dpr=2,https://www.nordstromrack.com/s/nike-flex-essential-pants/6161014?origin=category-personalizedsort&breadcrumb=Home%2FMen%2FClothing%2FPants&color=072,pants
"The pants shown in the image are a classic pair of light beige or cream-colored trousers. They appear to be made of a smooth, possibly cotton-blend fabric and feature a regular fit with a clean, unadorned design, suitable for a variety of casual or semi-formal occasions.",https://n.nordstrommedia.com/id/sr3/4cb96512-ca85-4ac7-958a-f919ce266663.jpeg?h=365&w=240&dpr=2,https://www.nordstromrack.com/s/nike-flex-essential-pants/6161014?origin=category-personalizedsort&breadcrumb=Home%2FMen%2FClothing%2FPants&color=072,pants
"The pants shown are a solid light cream or off-white color, presenting a clean and classic look. They appear to be made of a smooth, possibly cotton-blend fabric, and feature a straight-leg fit with a standard waistband and belt loops.",https://n.nordstrommedia.com/id/sr3/4cb96512-ca85-4ac7-958a-f919ce266663.jpeg?h=365&w=240&dpr=2,https://www.nordstromrack.com/s/nike-flex-essential-pants/6161014?origin=category-personalizedsort&breadcrumb=Home%2FMen%2FClothing%2FPants&color=072,pants
"The pants shown in the image are a light cream or off-white in color, presenting a clean and classic look. They appear to be made of a smooth, likely cotton-blend fabric and feature a standard four-pocket design with a flat front, suitable for a smart-casual or semi-formal outfit.",https://n.nordstrommedia.com/id/sr3/4cb96512-ca85-4ac7-958a-f919ce266663.jpeg?h=365&w=240&dpr=2,https://www.nordstromrack.com/s/nike-flex-essential-pants/6161014?origin=category-personalizedsort&breadcrumb=Home%2FMen%2FClothing%2FPants&color=072,pants
"The pants are a light cream color and appear to be made from a smooth, possibly lightweight material that could be suitable for formal or casual wear. They feature a straight cut, a standard waistband with belt loops, and a clean design without any visible prints or embellishments.",https://n.nordstrommedia.com/id/sr3/4cb96512-ca85-4ac7-958a-f919ce266663.jpeg?h=365&w=240&dpr=2,https://www.nordstromrack.com/s/nike-flex-essential-pants/6161014?origin=category-personalizedsort&breadcrumb=Home%2FMen%2FClothing%2FPants&color=072,pants
"The pants shown in the image are a light cream or off-white color, probably made from a smooth, lightweight material suited for formal or casual wear. They feature a classic straight-leg cut with a fitted waistband and likely have pockets, providing a sleek and versatile appearance.",https://n.nordstrommedia.com/id/sr3/4cb96512-ca85-4ac7-958a-f919ce266663.jpeg?h=365&w=240&dpr=2,https://www.nordstromrack.com/s/nike-flex-essential-pants/6161014?origin=category-personalizedsort&breadcrumb=Home%2FMen%2FClothing%2FPants&color=072,pants
"The pants depicted are a solid light cream or off-white color, presenting a neutral and versatile appearance. They are tailored with a straight-fit design, likely made from a smooth, lightweight fabric which could be suitable for formal or smart-casual occasions.",https://n.nordstrommedia.com/id/sr3/4cb96512-ca85-4ac7-958a-f919ce266663.jpeg?h=365&w=240&dpr=2,https://www.nordstromrack.com/s/nike-flex-essential-pants/6161014?origin=category-personalizedsort&breadcrumb=Home%2FMen%2FClothing%2FPants&color=072,pants
"The pants in this image are a crisp, solid light color, resembling white or off-white. They are tailored with a straight-leg fit and appear to be made from a smooth, possibly lightweight material that could be suitable for formal or casual occasions.",https://n.nordstrommedia.com/id/sr3/4cb96512-ca85-4ac7-958a-f919ce266663.jpeg?h=365&w=240&dpr=2,https://www.nordstromrack.com/s/nike-flex-essential-pants/6161014?origin=category-personalizedsort&breadcrumb=Home%2FMen%2FClothing%2FPants&color=072,pants
"The pants are a light cream or off-white color, with a straight-fit style that is versatile for a variety of occasions. They are likely made from a cotton blend or synthetic material, featuring a clean, solid-color design with no visible patterns or embellishments, giving them a sleek and modern appearance.",https://n.nordstrommedia.com/id/sr3/4cb96512-ca85-4ac7-958a-f919ce266663.jpeg?h=365&w=240&dpr=2,https://www.nordstromrack.com/s/nike-flex-essential-pants/6161014?origin=category-personalizedsort&breadcrumb=Home%2FMen%2FClothing%2FPants&color=072,pants
"The pants pictured are a pair of men's dress pants in a solid light beige or off-white color. They are made from a smooth-looking fabric that appears to be suitable for formal or business casual attire, and feature a straight-leg cut with a fitted waistband.",https://n.nordstrommedia.com/id/sr3/4cb96512-ca85-4ac7-958a-f919ce266663.jpeg?h=365&w=240&dpr=2,https://www.nordstromrack.com/s/nike-flex-essential-pants/6161014?origin=category-personalizedsort&breadcrumb=Home%2FMen%2FClothing%2FPants&color=072,pants
"The pants shown in the image are a pair of light-colored, likely white or off-white, straight-leg trousers. They appear to be made of a smooth fabric and feature a classic waistband with belt loops, suggesting a formal or smart casual style suitable for various occasions.",https://n.nordstrommedia.com/id/sr3/4cb96512-ca85-4ac7-958a-f919ce266663.jpeg?h=365&w=240&dpr=2,https://www.nordstromrack.com/s/nike-flex-essential-pants/6161014?origin=category-personalizedsort&breadcrumb=Home%2FMen%2FClothing%2FPants&color=072,pants
"The pants in the image are a light beige or off-white color, giving them a versatile and clean appearance that could be paired with various types of tops. They are constructed in a straight-leg style, which suggests a balance between a relaxed and tailored fit suitable for various occasions.",https://n.nordstrommedia.com/id/sr3/4cb96512-ca85-4ac7-958a-f919ce266663.jpeg?h=365&w=240&dpr=2,https://www.nordstromrack.com/s/nike-flex-essential-pants/6161014?origin=category-personalizedsort&breadcrumb=Home%2FMen%2FClothing%2FPants&color=072,pants
"The item is a pair of men's dress pants in a light cream or off-white color. They appear to be made from a smooth, possibly cotton blend material, and feature a straight-leg cut with a fitted waistband, lending them a sleek and formal appearance suitable for professional or dressy occasions.",https://n.nordstrommedia.com/id/sr3/4cb96512-ca85-4ac7-958a-f919ce266663.jpeg?h=365&w=240&dpr=2,https://www.nordstromrack.com/s/nike-flex-essential-pants/6161014?origin=category-personalizedsort&breadcrumb=Home%2FMen%2FClothing%2FPants&color=072,pants
"The pants shown are off-white or light beige in color, made of what appears to be a smooth, possibly cotton-blend fabric suitable for casual or semi-casual wear. They feature a classic straight-cut style with a fitted waistband, and there are no visible patterns or embellishments, which contributes to their sleek and versatile appearance.",https://n.nordstrommedia.com/id/sr3/4cb96512-ca85-4ac7-958a-f919ce266663.jpeg?h=365&w=240&dpr=2,https://www.nordstromrack.com/s/nike-flex-essential-pants/6161014?origin=category-personalizedsort&breadcrumb=Home%2FMen%2FClothing%2FPants&color=072,pants
"The pants shown in the image are a light cream or off-white color, presenting a sleek and sophisticated appearance. They appear to be made from a smooth, possibly lightweight fabric, suitable for smart-casual wear, and feature a straight-legged design with a fitted waistband, likely to offer a comfortable yet tailored fit.",https://n.nordstrommedia.com/id/sr3/4cb96512-ca85-4ac7-958a-f919ce266663.jpeg?h=365&w=240&dpr=2,https://www.nordstromrack.com/s/nike-flex-essential-pants/6161014?origin=category-personalizedsort&breadcrumb=Home%2FMen%2FClothing%2FPants&color=072,pants
"The pants depicted are in a light cream or off-white color, presenting a clean and classic look suitable for a variety of occasions. Made from a smooth looking material, they feature a straight-leg cut with a fitted waistband, and no visible patterns or embellishments, allowing for versatility in styling.",https://n.nordstrommedia.com/id/sr3/4cb96512-ca85-4ac7-958a-f919ce266663.jpeg?h=365&w=240&dpr=2,https://www.nordstromrack.com/s/nike-flex-essential-pants/6161014?origin=category-personalizedsort&breadcrumb=Home%2FMen%2FClothing%2FPants&color=072,pants
"The pants shown are a light cream or off-white color, with a straight fit, possibly slim or tailored through the leg. The material appears to be a smooth, likely lightweight fabric that could be suitable for business casual or smart-casual attire, and the pants have a clean design with no visible patterns or embellishments.",https://n.nordstrommedia.com/id/sr3/4cb96512-ca85-4ac7-958a-f919ce266663.jpeg?h=365&w=240&dpr=2,https://www.nordstromrack.com/s/nike-flex-essential-pants/6161014?origin=category-personalizedsort&breadcrumb=Home%2FMen%2FClothing%2FPants&color=072,pants
"The pants in the image are a classic, cream or light beige color, likely made from a smooth, possibly cotton-blend fabric that gives them a clean, formal look. They have a straight-leg design with a fitted waistband and are styled without any visible embellishments or patterns, which makes them suitable for a variety of occasions from casual to semi-formal.",https://n.nordstrommedia.com/id/sr3/4cb96512-ca85-4ac7-958a-f919ce266663.jpeg?h=365&w=240&dpr=2,https://www.nordstromrack.com/s/nike-flex-essential-pants/6161014?origin=category-personalizedsort&breadcrumb=Home%2FMen%2FClothing%2FPants&color=072,pants
"The pants shown in the image are a light cream or off-white color, featuring a straight-cut design. They appear to be constructed from a smooth, possibly lightweight fabric, suitable for a smart casual or semi-formal look.",https://n.nordstrommedia.com/id/sr3/4cb96512-ca85-4ac7-958a-f919ce266663.jpeg?h=365&w=240&dpr=2,https://www.nordstromrack.com/s/nike-flex-essential-pants/6161014?origin=category-personalizedsort&breadcrumb=Home%2FMen%2FClothing%2FPants&color=072,pants
"The pants shown in the image are a light-colored, possibly white or cream, and appear to be a straight-leg style. They are made from a material that has a smooth texture, and there are no visible patterns or additional embellishments, suggesting a simple and versatile design.",https://n.nordstrommedia.com/id/sr3/4cb96512-ca85-4ac7-958a-f919ce266663.jpeg?h=365&w=240&dpr=2,https://www.nordstromrack.com/s/nike-flex-essential-pants/6161014?origin=category-personalizedsort&breadcrumb=Home%2FMen%2FClothing%2FPants&color=072,pants
"The item is a pair of men's pants that are light in color, appearing to be a shade of off-white or cream. They look to be made of a smooth, possibly cotton-blend material, with a straight-leg cut and a clean, buttoned front closure, making them suitable for smart-casual to semi-formal occasions.",https://n.nordstrommedia.com/id/sr3/4cb96512-ca85-4ac7-958a-f919ce266663.jpeg?h=365&w=240&dpr=2,https://www.nordstromrack.com/s/nike-flex-essential-pants/6161014?origin=category-personalizedsort&breadcrumb=Home%2FMen%2FClothing%2FPants&color=072,pants
"The pants shown in the image are a pair of plain, light beige or off-white colored trousers. They are designed with a slim fit and a streamlined look, lacking any noticeable patterns or embellishments, and the material appears to be a smooth, possibly cotton blend or synthetic fabric suitable for a smart-casual appeal.",https://n.nordstrommedia.com/id/sr3/4cb96512-ca85-4ac7-958a-f919ce266663.jpeg?h=365&w=240&dpr=2,https://www.nordstromrack.com/s/nike-flex-essential-pants/6161014?origin=category-personalizedsort&breadcrumb=Home%2FMen%2FClothing%2FPants&color=072,pants
"The pants displayed are a light cream or off-white color, presenting a clean and classic look suitable for a variety of occasions. They are made of a smooth material with a straight-leg design, offering a sleek silhouette.",https://n.nordstrommedia.com/id/sr3/4cb96512-ca85-4ac7-958a-f919ce266663.jpeg?h=365&w=240&dpr=2,https://www.nordstromrack.com/s/nike-flex-essential-pants/6161014?origin=category-personalizedsort&breadcrumb=Home%2FMen%2FClothing%2FPants&color=072,pants
"The pants shown in the image are a light beige or off-white color with a smooth, possibly cotton or synthetic blend fabric. They have a straight-cut style with a standard fit through the hips and thighs, leading to a slightly tapered leg opening, suitable for a clean, casual look.",https://n.nordstrommedia.com/id/sr3/4cb96512-ca85-4ac7-958a-f919ce266663.jpeg?h=365&w=240&dpr=2,https://www.nordstromrack.com/s/nike-flex-essential-pants/6161014?origin=category-personalizedsort&breadcrumb=Home%2FMen%2FClothing%2FPants&color=072,pants
"These are light-colored, possibly white or off-white, straight-leg pants with a smooth and clean appearance. The material looks to be a lightweight fabric which is suitable for formal or casual outfits, and they feature a classic four-pocket design with belt loops along the waistband.",https://n.nordstrommedia.com/id/sr3/4cb96512-ca85-4ac7-958a-f919ce266663.jpeg?h=365&w=240&dpr=2,https://www.nordstromrack.com/s/nike-flex-essential-pants/6161014?origin=category-personalizedsort&breadcrumb=Home%2FMen%2FClothing%2FPants&color=072,pants
"The pants shown in the image are a light cream or off-white color with a straight-leg design. They appear to be constructed from a smooth, possibly cotton-blend material, and feature a clean, unadorned style with a front button closure.",https://n.nordstrommedia.com/id/sr3/4cb96512-ca85-4ac7-958a-f919ce266663.jpeg?h=365&w=240&dpr=2,https://www.nordstromrack.com/s/nike-flex-essential-pants/6161014?origin=category-personalizedsort&breadcrumb=Home%2FMen%2FClothing%2FPants&color=072,pants
"The pants depicted are a light cream or off-white color, conveying a clean and classic look. They seem to be made of a smooth, possibly cotton-blend fabric, and feature a straight-leg cut with a fitted waistband, suitable for casual to smart-casual occasions.",https://n.nordstrommedia.com/id/sr3/4cb96512-ca85-4ac7-958a-f919ce266663.jpeg?h=365&w=240&dpr=2,https://www.nordstromrack.com/s/nike-flex-essential-pants/6161014?origin=category-personalizedsort&breadcrumb=Home%2FMen%2FClothing%2FPants&color=072,pants
"The pants depicted are a pair of classic, straight-leg trousers in a solid, light cream or off-white color. They appear to be made from a smooth, likely cotton blend fabric and feature a clean, no-frills design suitable for a smart-casual to formal look.",https://n.nordstrommedia.com/id/sr3/4cb96512-ca85-4ac7-958a-f919ce266663.jpeg?h=365&w=240&dpr=2,https://www.nordstromrack.com/s/nike-flex-essential-pants/6161014?origin=category-personalizedsort&breadcrumb=Home%2FMen%2FClothing%2FPants&color=072,pants
"The pants shown are a light, cream or off-white color, offering a clean and classic look suitable for various occasions. They appear to be made from a smooth, possibly cotton-blend fabric, and feature a straight-leg design that would provide a comfortable fit.",https://n.nordstrommedia.com/id/sr3/4cb96512-ca85-4ac7-958a-f919ce266663.jpeg?h=365&w=240&dpr=2,https://www.nordstromrack.com/s/nike-flex-essential-pants/6161014?origin=category-personalizedsort&breadcrumb=Home%2FMen%2FClothing%2FPants&color=072,pants
"The pants shown in the image are a light beige or off-white color, suitable for a smart-casual or business casual look. They appear to be constructed from a smooth, lightweight fabric, likely cotton or a cotton blend, providing a clean and streamlined appearance.",https://n.nordstrommedia.com/id/sr3/4cb96512-ca85-4ac7-958a-f919ce266663.jpeg?h=365&w=240&dpr=2,https://www.nordstromrack.com/s/nike-flex-essential-pants/6161014?origin=category-personalizedsort&breadcrumb=Home%2FMen%2FClothing%2FPants&color=072,pants
"The pants in the image are a light beige or off-white color, presenting a clean and tailored appearance. They are made of a smooth-looking material, possibly a cotton blend, and feature a straight-leg cut with no visible pattern or embellishments.",https://n.nordstrommedia.com/id/sr3/4cb96512-ca85-4ac7-958a-f919ce266663.jpeg?h=365&w=240&dpr=2,https://www.nordstromrack.com/s/nike-flex-essential-pants/6161014?origin=category-personalizedsort&breadcrumb=Home%2FMen%2FClothing%2FPants&color=072,pants
"These are light-colored, likely white or off-white, straight-leg pants with a smooth, clean finish. They appear to be made from a lightweight, possibly cotton blend material, suitable for smart-casual attire or possibly for activities such as golf, given the shoe style they are paired with.",https://n.nordstrommedia.com/id/sr3/4cb96512-ca85-4ac7-958a-f919ce266663.jpeg?h=365&w=240&dpr=2,https://www.nordstromrack.com/s/nike-flex-essential-pants/6161014?origin=category-personalizedsort&breadcrumb=Home%2FMen%2FClothing%2FPants&color=072,pants
"The pants pictured here are a classic off-white or cream color, styled with a straight-leg fit that gives them a sleek and versatile look. They appear to be made from a smooth, lightweight fabric, potentially a blend suitable for casual or semi-formal occasions, and they feature a traditional button and zipper closure at the waist.",https://n.nordstrommedia.com/id/sr3/4cb96512-ca85-4ac7-958a-f919ce266663.jpeg?h=365&w=240&dpr=2,https://www.nordstromrack.com/s/nike-flex-essential-pants/6161014?origin=category-personalizedsort&breadcrumb=Home%2FMen%2FClothing%2FPants&color=072,pants
"The pants depicted are a pair of light-colored, possibly white or cream, trousers with a straight-leg cut, presenting a clean and sharp look. The material appears smooth and could be made from a cotton blend, suitable for a semi-formal or casual attire, and they feature a standard waistband with belt loops.",https://n.nordstrommedia.com/id/sr3/4cb96512-ca85-4ac7-958a-f919ce266663.jpeg?h=365&w=240&dpr=2,https://www.nordstromrack.com/s/nike-flex-essential-pants/6161014?origin=category-personalizedsort&breadcrumb=Home%2FMen%2FClothing%2FPants&color=072,pants
"The pants depicted are a light cream or off-white color, featuring a classic straight-leg design that appears suitable for semi-formal or casual office wear. They seem to be made of a smooth material, potentially a cotton blend, and possess a clean, crisp look with no visible patterns or additional embellishments.",https://n.nordstrommedia.com/id/sr3/4cb96512-ca85-4ac7-958a-f919ce266663.jpeg?h=365&w=240&dpr=2,https://www.nordstromrack.com/s/nike-flex-essential-pants/6161014?origin=category-personalizedsort&breadcrumb=Home%2FMen%2FClothing%2FPants&color=072,pants
"The pants depicted are a solid light beige or off-white color with a straight-fit style that appears tailored for a clean look. They are likely made from a smooth material, possibly cotton blend or synthetic, and feature typical details like a waistband, belt loops, and a front closure.",https://n.nordstrommedia.com/id/sr3/4cb96512-ca85-4ac7-958a-f919ce266663.jpeg?h=365&w=240&dpr=2,https://www.nordstromrack.com/s/nike-flex-essential-pants/6161014?origin=category-personalizedsort&breadcrumb=Home%2FMen%2FClothing%2FPants&color=072,pants
"The pants in the image are a light beige or off-white color with a straight to slightly tapered leg cut. They appear to be made from a smooth, lightweight material, likely a blend that could include cotton or synthetic fibers, suitable for casual or semi-formal occasions.",https://n.nordstrommedia.com/id/sr3/4cb96512-ca85-4ac7-958a-f919ce266663.jpeg?h=365&w=240&dpr=2,https://www.nordstromrack.com/s/nike-flex-essential-pants/6161014?origin=category-personalizedsort&breadcrumb=Home%2FMen%2FClothing%2FPants&color=072,pants
"The pants depicted in the image are a crisp, solid white, likely made of a lightweight fabric suitable for semi-formal or casual outfits. They feature a straight-leg cut with a fitted waistline, providing a clean, streamlined look that pairs well with various types of footwear and tops.",https://n.nordstrommedia.com/id/sr3/4cb96512-ca85-4ac7-958a-f919ce266663.jpeg?h=365&w=240&dpr=2,https://www.nordstromrack.com/s/nike-flex-essential-pants/6161014?origin=category-personalizedsort&breadcrumb=Home%2FMen%2FClothing%2FPants&color=072,pants
"The pants shown in the image are in a light cream or off-white color. They feature a smooth, streamlined design with a fitted waistband and a straight-leg cut, and they appear to be made from a lightweight, possibly stretchy material, suitable for a smart-casual look or perhaps golf wear.",https://n.nordstrommedia.com/id/sr3/4cb96512-ca85-4ac7-958a-f919ce266663.jpeg?h=365&w=240&dpr=2,https://www.nordstromrack.com/s/nike-flex-essential-pants/6161014?origin=category-personalizedsort&breadcrumb=Home%2FMen%2FClothing%2FPants&color=072,pants
"The pants in the image are a light cream or off-white color, with a straight cut and a regular fit. They appear to be made of a smooth material, likely a cotton blend, and feature a clean design with no visible patterns or embellishments.",https://n.nordstrommedia.com/id/sr3/4cb96512-ca85-4ac7-958a-f919ce266663.jpeg?h=365&w=240&dpr=2,https://www.nordstromrack.com/s/nike-flex-essential-pants/6161014?origin=category-personalizedsort&breadcrumb=Home%2FMen%2FClothing%2FPants&color=072,pants
"The pants shown are in a light cream or off-white color, offering a clean and versatile look. They appear to be made from a smooth, structured fabric, featuring a flat front design that contributes to a sleek and modern silhouette.",https://n.nordstrommedia.com/id/sr3/4cb96512-ca85-4ac7-958a-f919ce266663.jpeg?h=365&w=240&dpr=2,https://www.nordstromrack.com/s/nike-flex-essential-pants/6161014?origin=category-personalizedsort&breadcrumb=Home%2FMen%2FClothing%2FPants&color=072,pants
"The pants shown in the image are a light cream or off-white color, presenting a classic and clean look. They appear to be made of a smooth, possibly cotton blend or synthetic fabric, suitable for smart casual or semi-formal occasions, and feature a straight-cut style with front pockets.",https://n.nordstrommedia.com/id/sr3/4cb96512-ca85-4ac7-958a-f919ce266663.jpeg?h=365&w=240&dpr=2,https://www.nordstromrack.com/s/nike-flex-essential-pants/6161014?origin=category-personalizedsort&breadcrumb=Home%2FMen%2FClothing%2FPants&color=072,pants
"The pants pictured here are a light cream or off-white color, presenting a clean and classic look. They appear to be made from a smooth, structured fabric, likely cotton-blend or synthetic, with a straight-leg fit and a well-defined front seam.",https://n.nordstrommedia.com/id/sr3/4cb96512-ca85-4ac7-958a-f919ce266663.jpeg?h=365&w=240&dpr=2,https://www.nordstromrack.com/s/nike-flex-essential-pants/6161014?origin=category-personalizedsort&breadcrumb=Home%2FMen%2FClothing%2FPants&color=072,pants
"The pants in the image are a light cream or off-white color, featuring a straight-leg cut that offers a classic, clean silhouette. They appear to be made from a smooth, lightweight fabric, possibly a blend suitable for smart-casual or professional settings.",https://n.nordstrommedia.com/id/sr3/4cb96512-ca85-4ac7-958a-f919ce266663.jpeg?h=365&w=240&dpr=2,https://www.nordstromrack.com/s/nike-flex-essential-pants/6161014?origin=category-personalizedsort&breadcrumb=Home%2FMen%2FClothing%2FPants&color=072,pants
"The image displays a pair of light-colored pants, likely in a shade of off-white or cream. They feature a straight-leg cut, with a smooth front that suggests they may be made of a woven fabric, suitable for formal or semi-formal occasions.",https://n.nordstrommedia.com/id/sr3/4cb96512-ca85-4ac7-958a-f919ce266663.jpeg?h=365&w=240&dpr=2,https://www.nordstromrack.com/s/nike-flex-essential-pants/6161014?origin=category-personalizedsort&breadcrumb=Home%2FMen%2FClothing%2FPants&color=072,pants
"These are a pair of men's light-colored, possibly white or cream, pants with a straight-leg fit. They appear to be made from a smooth, possibly cotton-blend material, suitable for a smart-casual look or potentially for golf attire, evidenced by the shoes in the image.",https://n.nordstrommedia.com/id/sr3/4cb96512-ca85-4ac7-958a-f919ce266663.jpeg?h=365&w=240&dpr=2,https://www.nordstromrack.com/s/nike-flex-essential-pants/6161014?origin=category-personalizedsort&breadcrumb=Home%2FMen%2FClothing%2FPants&color=072,pants
"The pants shown are a pair of classic straight-leg trousers in a crisp, clean white color. They are likely made from a blend of materials that could include cotton and synthetic fibers, providing a smooth, structured look suitable for various occasions.",https://n.nordstrommedia.com/id/sr3/4cb96512-ca85-4ac7-958a-f919ce266663.jpeg?h=365&w=240&dpr=2,https://www.nordstromrack.com/s/nike-flex-essential-pants/6161014?origin=category-personalizedsort&breadcrumb=Home%2FMen%2FClothing%2FPants&color=072,pants
"The pants in the image are a light cream or off-white color, giving them a clean and versatile appearance suitable for various occasions. They seem to be made from a smooth, likely lightweight fabric that would provide comfort and a degree of flexibility, with a straight fit through the legs suggesting a smart, tailored look.",https://n.nordstrommedia.com/id/sr3/4cb96512-ca85-4ac7-958a-f919ce266663.jpeg?h=365&w=240&dpr=2,https://www.nordstromrack.com/s/nike-flex-essential-pants/6161014?origin=category-personalizedsort&breadcrumb=Home%2FMen%2FClothing%2FPants&color=072,pants
"These are a pair of men's pants in a solid cream or light beige color. They are made from a smooth-looking material and feature a straight-leg cut, with a standard four-pocket design and a visible button closure at the waist.",https://n.nordstrommedia.com/id/sr3/4cb96512-ca85-4ac7-958a-f919ce266663.jpeg?h=365&w=240&dpr=2,https://www.nordstromrack.com/s/nike-flex-essential-pants/6161014?origin=category-personalizedsort&breadcrumb=Home%2FMen%2FClothing%2FPants&color=072,pants
"The pants shown are a light cream or off-white color, featuring a straight-leg cut that suggests a versatile and potentially formal or business-casual styling. They appear to be made from a smooth, non-denim textile, possibly a blend of cotton or synthetic materials, and include standard features such as a waistband with belt loops, a front closure, and pockets.",https://n.nordstrommedia.com/id/sr3/4cb96512-ca85-4ac7-958a-f919ce266663.jpeg?h=365&w=240&dpr=2,https://www.nordstromrack.com/s/nike-flex-essential-pants/6161014?origin=category-personalizedsort&breadcrumb=Home%2FMen%2FClothing%2FPants&color=072,pants
"The pants shown are a pair of off-white or cream-colored trousers with a straight-leg design. They appear to be made from a smooth, likely lightweight material which could be suitable for semi-formal or casual wear.",https://n.nordstrommedia.com/id/sr3/4cb96512-ca85-4ac7-958a-f919ce266663.jpeg?h=365&w=240&dpr=2,https://www.nordstromrack.com/s/nike-flex-essential-pants/6161014?origin=category-personalizedsort&breadcrumb=Home%2FMen%2FClothing%2FPants&color=072,pants
"The pants depicted are a pair of classic white trousers with a straight-leg fit. They appear to be made from a smooth, structured fabric, potentially a blend involving materials like cotton or synthetic fibers, offering a sleek and clean look suitable for a variety of occasions.",https://n.nordstrommedia.com/id/sr3/4cb96512-ca85-4ac7-958a-f919ce266663.jpeg?h=365&w=240&dpr=2,https://www.nordstromrack.com/s/nike-flex-essential-pants/6161014?origin=category-personalizedsort&breadcrumb=Home%2FMen%2FClothing%2FPants&color=072,pants
"The pants shown in the image are a light cream or off-white color and appear to be made from a smooth, possibly cotton blend, fabric which makes them suitable for either casual or semi-formal wear. They feature a standard waistband with belt loops, a zippered fly, and show a straight-leg cut, providing a sleek and classic silhouette.",https://n.nordstrommedia.com/id/sr3/4cb96512-ca85-4ac7-958a-f919ce266663.jpeg?h=365&w=240&dpr=2,https://www.nordstromrack.com/s/nike-flex-essential-pants/6161014?origin=category-personalizedsort&breadcrumb=Home%2FMen%2FClothing%2FPants&color=072,pants
"The pants shown are a light, solid color, most likely a shade of white or light beige. They appear to be made from a smooth, possibly lightweight material and feature a classic, straight-leg design with a fitted waistband, suitable for a smart-casual look.",https://n.nordstrommedia.com/id/sr3/4cb96512-ca85-4ac7-958a-f919ce266663.jpeg?h=365&w=240&dpr=2,https://www.nordstromrack.com/s/nike-flex-essential-pants/6161014?origin=category-personalizedsort&breadcrumb=Home%2FMen%2FClothing%2FPants&color=072,pants
"The pants shown are a light cream or off-white color, featuring a straight-cut style that appears to be tailored for a sleek fit. They seem to be made from a smooth, possibly cotton-blend fabric, suitable for a smart-casual look or professional attire and do not have any conspicuous patterns or embellishments.",https://n.nordstrommedia.com/id/sr3/4cb96512-ca85-4ac7-958a-f919ce266663.jpeg?h=365&w=240&dpr=2,https://www.nordstromrack.com/s/nike-flex-essential-pants/6161014?origin=category-personalizedsort&breadcrumb=Home%2FMen%2FClothing%2FPants&color=072,pants
"The pants shown in the image are a light cream or off-white color, presenting a clean and smart look. They appear to be made of a smooth, lightweight material, suitable for casual or possibly semi-formal wear, and feature a straight-cut style with a standard closure at the waist.",https://n.nordstrommedia.com/id/sr3/4cb96512-ca85-4ac7-958a-f919ce266663.jpeg?h=365&w=240&dpr=2,https://www.nordstromrack.com/s/nike-flex-essential-pants/6161014?origin=category-personalizedsort&breadcrumb=Home%2FMen%2FClothing%2FPants&color=072,pants
"The item is a pair of men's pants in a light cream or off-white color, presenting a clean and classy look. The pants feature a flat front design, likely crafted from a smooth fabric, suitable for a smart casual or semi-formal outfit.",https://n.nordstrommedia.com/id/sr3/4cb96512-ca85-4ac7-958a-f919ce266663.jpeg?h=365&w=240&dpr=2,https://www.nordstromrack.com/s/nike-flex-essential-pants/6161014?origin=category-personalizedsort&breadcrumb=Home%2FMen%2FClothing%2FPants&color=072,pants
"The pants pictured here are in a light cream or off-white color, suitable for a crisp, clean look. They appear to be made from a smooth, possibly cotton-blend material and feature a straight-leg cut, making them versatile for semi-formal to casual occasions.",https://n.nordstrommedia.com/id/sr3/4cb96512-ca85-4ac7-958a-f919ce266663.jpeg?h=365&w=240&dpr=2,https://www.nordstromrack.com/s/nike-flex-essential-pants/6161014?origin=category-personalizedsort&breadcrumb=Home%2FMen%2FClothing%2FPants&color=072,pants
"The pants depicted are a classic pair of light beige or off-white trousers with a straight leg cut. They seem to be made from a smooth, possibly cotton blend material, and they feature a clean, buttoned waistline with no visible embellishments, giving them a sleek and versatile appearance.",https://n.nordstrommedia.com/id/sr3/4cb96512-ca85-4ac7-958a-f919ce266663.jpeg?h=365&w=240&dpr=2,https://www.nordstromrack.com/s/nike-flex-essential-pants/6161014?origin=category-personalizedsort&breadcrumb=Home%2FMen%2FClothing%2FPants&color=072,pants
"The pants shown in the image are a pair of classic straight-leg dress trousers in a solid, light beige or off-white color. They appear to be made of a smooth, possibly cotton-blend material, and feature a clean, flat-front design, ideal for a smart-casual to formal attire.",https://n.nordstrommedia.com/id/sr3/4cb96512-ca85-4ac7-958a-f919ce266663.jpeg?h=365&w=240&dpr=2,https://www.nordstromrack.com/s/nike-flex-essential-pants/6161014?origin=category-personalizedsort&breadcrumb=Home%2FMen%2FClothing%2FPants&color=072,pants
"The pants depicted are in a light, off-white color, offering a clean and crisp look suitable for various occasions. They are made of a smooth material, likely a cotton blend, and feature a straight cut with a structured waistband, suggesting both comfort and formality.",https://n.nordstrommedia.com/id/sr3/4cb96512-ca85-4ac7-958a-f919ce266663.jpeg?h=365&w=240&dpr=2,https://www.nordstromrack.com/s/nike-flex-essential-pants/6161014?origin=category-personalizedsort&breadcrumb=Home%2FMen%2FClothing%2FPants&color=072,pants
"The pants shown are a light cream or off-white color, with a straight-leg design that is contemporary and sleek. They appear to be made of a smooth, possibly cotton-blend material, and feature a clean, unadorned style with no visible pockets or embellishments, creating a polished and professional look.",https://n.nordstrommedia.com/id/sr3/4cb96512-ca85-4ac7-958a-f919ce266663.jpeg?h=365&w=240&dpr=2,https://www.nordstromrack.com/s/nike-flex-essential-pants/6161014?origin=category-personalizedsort&breadcrumb=Home%2FMen%2FClothing%2FPants&color=072,pants
"The pants shown are a classic pair of men's off-white or cream-colored trousers. They appear to be made of a smooth, lightweight fabric, suitable for a smart-casual look or golf attire, and feature a standard zip fly and button closure with a flat front design.",https://n.nordstrommedia.com/id/sr3/4cb96512-ca85-4ac7-958a-f919ce266663.jpeg?h=365&w=240&dpr=2,https://www.nordstromrack.com/s/nike-flex-essential-pants/6161014?origin=category-personalizedsort&breadcrumb=Home%2FMen%2FClothing%2FPants&color=072,pants
"The pants pictured here are a light cream or off-white color, with a clean and crisp appearance suitable for smart-casual to formal occasions. They are likely made of a smooth, lightweight fabric which could be a cotton blend, and they feature a straight-leg cut with a standard waistband and a zippered fly.",https://n.nordstrommedia.com/id/sr3/4cb96512-ca85-4ac7-958a-f919ce266663.jpeg?h=365&w=240&dpr=2,https://www.nordstromrack.com/s/nike-flex-essential-pants/6161014?origin=category-personalizedsort&breadcrumb=Home%2FMen%2FClothing%2FPants&color=072,pants
"The pants depicted are a light cream or off-white color, appearing to be made of a smooth, possibly cotton blend fabric with a straight-leg fit. They feature a clean, solid color design with a standard waistband, likely including belt loops and a front closure.",https://n.nordstrommedia.com/id/sr3/4cb96512-ca85-4ac7-958a-f919ce266663.jpeg?h=365&w=240&dpr=2,https://www.nordstromrack.com/s/nike-flex-essential-pants/6161014?origin=category-personalizedsort&breadcrumb=Home%2FMen%2FClothing%2FPants&color=072,pants
"The pants depicted in the image are a pair of classic straight-leg trousers in a neutral, light cream or off-white color. They appear to be made from a smooth, possibly lightweight material, suitable for a smart-casual look or professional attire.",https://n.nordstrommedia.com/id/sr3/4cb96512-ca85-4ac7-958a-f919ce266663.jpeg?h=365&w=240&dpr=2,https://www.nordstromrack.com/s/nike-flex-essential-pants/6161014?origin=category-personalizedsort&breadcrumb=Home%2FMen%2FClothing%2FPants&color=072,pants
